"#","player_join","URL","first","last","Team","Class","Pos","Height","Weight","GP","GS","MPG","Poss%","USG%","PG","SG","SF","PF","C","PER","OBPM","DBPM","BPM","PPG","FD/40","2P%","3P%","3PAr","eFG%","TS%","FT%","FTr","ApG","AST:TO","AST%","TOV%","ORB%","DRB%","TRB%","STL%","BLK%","FC/40","All Players","Guards","Wings","Bigs","Starters","Lefties"
2,"TAEHARDY","https://a.espncdn.com/i/headshots/mens-college-basketball/players/full/4396616.png","Tae","Hardy","UTEP","Sr","G","6-3",190,9,9,30.2,22.7,22.5,NA,93.9024390243902,6.09756097560976,NA,NA,19.3,1.7,1.3,3,14.8,4.6,43.5,40,42.1,50.5,54,73.5,31.8,3.7,3.08,21.6,8.2,1.2,10.5,5.9,3.5,0.8,2.4,1,1,0,0,1,0
0,"YAZIDPOWELL","https://a.espncdn.com/i/headshots/mens-college-basketball/players/full/5108761.png","Yazid","Powell","UTEP","Sr","G","6-4",204,9,9,24.1,30.7,27.3,100,NA,NA,NA,NA,16.9,-1.9,2.2,0.4,11.6,6.3,50,25.9,32.5,46.4,51.2,69.2,47,3.3,1.06,24.4,21.6,5.1,18.8,12,4.2,1.5,4.8,1,1,0,0,1,0
23,"OTISFRAZIER","https://a.espncdn.com/i/headshots/mens-college-basketball/players/full/4700882.png","Otis","Frazier","UTEP","Jr","G","6-6",212,9,8,23.8,19,20.1,NA,NA,63.0769230769231,36.9230769230769,NA,21.4,1.1,0.9,2,11,5.1,57.8,25,34.8,50.7,56.3,72.5,58,1.7,2.43,12.1,6.4,8.3,11.3,9.8,3.7,1,2.8,1,0,1,0,1,0
13,"CALVINSOLOMON","https://a.espncdn.com/i/headshots/mens-college-basketball/players/full/4594155.png","Calvin","Solomon","UTEP","Sr","F","6-7",205,9,9,22.9,22.2,19.4,NA,NA,NA,77.6119402985075,22.3880597014925,19.9,-1.3,3.3,2,9.6,6.2,55.3,0,2.1,54.2,61.1,72.3,97.9,2.6,1.37,18.6,19.5,5.9,13.4,9.6,3.6,4.3,5.5,1,0,0,1,1,0
4,"COREYCAMPER","https://a.espncdn.com/i/headshots/mens-college-basketball/players/full/5177690.png","Corey","Camper Jr.","UTEP","Jr","G","6-5",185,9,1,21.6,13.5,17.3,NA,18.3333333333333,81.6666666666667,NA,NA,14.1,-2.8,-1,-3.8,8.3,2.1,54.5,34.6,44.1,53.4,55.5,66.7,30.5,0.9,1.29,7,8.2,4,4.5,4.3,2.2,1.7,2,1,0,1,0,0,0
33,"ELIJAHJONES","https://a.espncdn.com/i/headshots/mens-college-basketball/players/full/5106056.png","Elijah","Jones","UTEP","Fr","F","6-8",205,9,0,13.8,18.2,21.1,NA,NA,NA,46.6666666666667,53.3333333333333,24.5,-4.6,-0.7,-5.3,8,3,77.4,41.7,27.9,73.3,74.7,81.8,25.6,0.1,0.1,1.6,15.7,5.4,16.9,11.1,3,4.5,4.1,1,0,0,1,0,0
34,"KEVINKALU","https://a.espncdn.com/i/headshots/mens-college-basketball/players/full/4897577.png","Kevin","Kalu","UTEP","Jr","F","6-9",238,9,9,19.6,11.2,13,NA,NA,NA,NA,100,11.1,-3.4,-0.3,-3.7,4.9,3.4,66.7,NA,0,66.7,56.4,21.1,63.3,0,0,0,22,12.6,23.1,17.9,0.9,3.8,5.4,1,0,0,1,1,0
5,"DAVIDTERRELL","https://a.espncdn.com/i/headshots/mens-college-basketball/players/full/5177691.png","David","Terrell Jr.","UTEP","Fr","G","6-4",190,9,0,16.1,17.5,17,70.5882352941177,14.7058823529412,14.7058823529412,NA,NA,11.8,-4.3,2.7,-1.6,4.4,4.6,51.9,0,12.9,45.2,51.2,70.6,54.8,2.7,1.59,26.2,27.7,1.5,9.9,5.7,3.7,2.3,3.5,1,1,0,0,0,0
32,"DERICKHAMILTON","https://a.espncdn.com/i/headshots/mens-college-basketball/players/full/5106850.png","Derick","Hamilton","UTEP","Jr","F","6-10",270,8,0,5.6,24,28.8,NA,NA,NA,NA,100,21.5,-17.5,-2,-19.5,3.8,1.5,81.3,0,5.9,76.5,73.8,57.1,41.2,0,0,0,28.2,12.3,9.8,11,2.4,7.4,7.5,1,0,0,1,0,0
21,"SEBASTIANCOLE","https://a.espncdn.com/i/headshots/mens-college-basketball/players/full/5177693.png","Sebastian","Cole","UTEP","Jr","G","5-11",175,5,0,13.8,16.1,15.2,53.3333333333333,46.6666666666667,NA,NA,NA,11.5,-11.1,1.9,-9.1,3.8,1.2,62.5,27.3,57.9,50,50,NA,0,2.2,2.75,26.1,17.4,1.6,3.2,2.4,3.9,0,8.6,1,1,0,0,0,0
1,"JONATHANDOS","https://a.espncdn.com/i/headshots/mens-college-basketball/players/full/4431944.png","Jonathan","dos Anjos","UTEP","Sr","F","6-8",205,9,0,8.4,18.1,18.3,NA,NA,NA,50,50,5.4,-16.1,2.7,-13.4,2.1,1.9,55.6,21.4,60.9,41.3,40.5,0,4.3,0.2,0.25,4.2,23,10.2,23.2,16.7,2.8,1.5,11.7,1,0,0,1,0,0
11,"TREYHORTON","https://a.espncdn.com/i/headshots/mens-college-basketball/players/full/5177692.png","Trey","Horton","UTEP",NA,"G",NA,NA,5,0,8,NA,16.4,NA,NA,NA,NA,NA,14,-5.5,-1.5,-7,2,NA,66.7,0,72.7,18.2,34.9,85.7,63.6,1.2,Inf,22.1,0,8.3,13.8,11,1.3,2.8,NA,1,1,NA,NA,0,0
20,"GARRETTLEVESQUE","https://a.espncdn.com/i/headshots/mens-college-basketball/players/full/4896955.png","Garrett","Levesque","UTEP","Jr","G","6-6",205,4,0,5.5,26.8,12.5,NA,NA,NA,NA,NA,18.9,-11,-2.3,-13.3,1.5,1.6,75,0,20,60,60,NA,0,1.3,4.33,38.4,16.7,15.1,25,20.1,0,0,8,1,1,NA,NA,0,0
3,"BAYLORHEBB","https://a.espncdn.com/i/headshots/mens-college-basketball/players/full/4585600.png","Baylor","Hebb","UTEP",NA,"G",NA,NA,0,NA,0,NA,NA,NA,NA,NA,NA,NA,NA,NA,NA,NA,NA,NA,NA,NA,NA,NA,NA,NA,NA,NA,NA,NA,NA,NA,NA,NA,NA,NA,NA,1,1,NA,NA,0,0
15,"ANTWONNEHOLMES","https://a.espncdn.com/i/headshots/mens-college-basketball/players/full/5106848.png","Antwonne","Holmes","UTEP",NA,"G",NA,NA,0,NA,0,NA,NA,NA,NA,NA,NA,NA,NA,NA,NA,NA,NA,NA,NA,NA,NA,NA,NA,NA,NA,NA,NA,NA,NA,NA,NA,NA,NA,NA,NA,1,1,NA,NA,0,0
1,"DOMINIQUEDANIELS","https://a.espncdn.com/i/headshots/mens-college-basketball/players/full/5178207.png","Dominique","Daniels Jr.","California Baptist","So","G","5-10",180,8,8,31.9,27.7,28.7,100,NA,NA,NA,NA,19.2,5.4,-0.5,4.9,18,4.7,40.7,36.2,49.6,47.4,52.9,82.5,34.2,3,2,21.9,8.1,2.1,3.1,2.6,1.6,0,1,1,1,0,0,0,0
3,"BLONDEAUTCHOUKUIEGNO","https://a.espncdn.com/i/headshots/mens-college-basketball/players/full/4593989.png","Blondeau","Tchoukuiegno","California Baptist","Jr","G","6-2",185,8,3,25.9,18.4,19.3,24.3243243243243,75.6756756756757,NA,NA,NA,17.8,4.3,0.8,5.1,11.3,5.6,71,34.8,42.6,63,62.5,57.9,70.4,1.6,1.45,13.6,11.1,2.5,8.3,5.3,1.1,0.5,2.4,1,1,0,0,0,0
4,"BRANTLYSTEVENSON","https://a.espncdn.com/i/headshots/mens-college-basketball/players/full/4702353.png","Brantly","Stevenson","California Baptist","Sr","F","6-4",185,8,4,28.5,17.1,18.8,NA,NA,100,NA,NA,14.6,1.8,0.1,1.9,10.9,2.5,40,44.7,55.9,55.1,58.3,85.7,20.6,1.4,0.93,10.1,13.8,4.6,10.1,7.2,1.3,1.3,3.5,1,0,1,0,0,0
24,"YVANOUEDRAOGO","https://a.espncdn.com/i/headshots/mens-college-basketball/players/full/4592706.png","Yvan","Ouedraogo","California Baptist","Sr","F","6-9",250,7,7,26.7,23,22.2,NA,NA,NA,NA,100,20.8,2.5,0.1,2.6,11.4,5.7,60.4,NA,0,60.4,56.3,42.1,71.7,1.3,0.68,11.1,15.5,12.3,24.5,18.2,1,1.6,2.3,1,0,0,1,0,0
10,"HUNTERGOODRICK","https://a.espncdn.com/i/headshots/mens-college-basketball/players/full/4593836.png","Hunter","Goodrick","California Baptist","Jr","F","6-7",225,8,8,32.3,19.4,17.3,NA,NA,NA,100,NA,12.7,-2.2,0.4,-1.8,8.3,3.4,43.2,22.2,17,41.5,49.1,73.3,56.6,2.3,0.79,13.3,25.5,11,24.5,17.4,1.1,1.5,3.6,1,0,1,0,0,0
12,"SCOTTYWASHINGTON","https://a.espncdn.com/i/headshots/mens-college-basketball/players/full/4896852.png","Scotty","Washington","California Baptist","So","G","6-4",180,8,5,14.6,21.8,23.3,NA,45.7142857142857,54.2857142857143,NA,NA,11.6,-0.9,0.3,-0.7,5.8,3.6,38.1,26.1,52.3,38.6,45,80,34.1,0.6,1.2,8.8,7.3,0.9,8.8,4.7,1.5,2.5,1.4,1,0,1,0,0,0
11,"TYLENRILEY","https://a.espncdn.com/i/headshots/mens-college-basketball/players/full/5178210.png","Tylen","Riley","California Baptist","Fr","G","6-3",180,8,4,11.9,18.8,19.9,NA,66.6666666666667,33.3333333333333,NA,NA,11.4,-4.1,-0.3,-4.3,3.6,2.8,42.1,21.4,42.4,37.9,39.9,57.1,21.2,1.3,4.33,21.5,5.2,2.2,19.3,10.4,1.9,1,6.2,1,0,1,0,0,0
21,"MALIKWADE","https://a.espncdn.com/i/headshots/mens-college-basketball/players/full/4702040.png","Malik","Wade","California Baptist","Jr","F","6-8",235,8,1,16,7.8,7.7,NA,NA,NA,35.2941176470588,64.7058823529412,9.2,-7.3,3,-4.3,1.8,0.9,60,NA,0,60,63.9,100,20,0.9,0.82,9.8,45.1,9,21.5,15,2.3,0.8,8.5,1,0,0,1,0,0
2,"CHRISCHILES","https://a.espncdn.com/i/headshots/mens-college-basketball/players/full/5178208.png","Chris","Chiles","California Baptist","So","G","6-4",180,8,0,7.1,15.5,19.8,NA,100,NA,NA,NA,-3,-14.1,-0.5,-14.5,1.3,2.5,0,22.2,69.2,23.1,29.8,50,61.5,0.1,0.12,3.1,26.3,1.8,12.1,6.7,2.1,0,4.8,1,1,0,0,0,0
14,"JONATHANGRIMAN","https://a.espncdn.com/i/headshots/mens-college-basketball/players/full/5178211.png","Jonathan","Griman","California Baptist","Fr","F","6-11",200,5,0,7.4,18.3,9.3,NA,NA,NA,100,NA,18,-2.8,6.5,3.7,1.6,3.6,66.7,100,25,87.5,80.8,50,50,0.4,1,10.3,28.8,5.7,18.6,11.8,3.2,10.7,10.5,1,0,1,0,0,0
5,"TASMANGOODRICK","https://a.espncdn.com/i/headshots/mens-college-basketball/players/full/5178209.png","Tasman","Goodrick","California Baptist","Fr","F","6-10",235,7,0,4,16.4,20.1,NA,NA,NA,NA,100,4.5,-7.2,-5.5,-12.6,0.7,3.5,16.7,NA,0,16.7,29.9,60,83.3,0,0,0,26.4,18.7,12.3,15.7,2.1,0,2.1,1,0,0,1,0,0
32,"TYLERISAAK","https://a.espncdn.com/i/headshots/mens-college-basketball/players/full/5106313.png","Tyler","Isaak","California Baptist",NA,"G",NA,NA,2,0,1.5,NA,16.5,NA,NA,NA,NA,NA,-5.5,-20.7,73.9,53.2,0,NA,NA,NA,NA,NA,NA,NA,NA,0,0,0,100,0,0,0,19.8,0,NA,1,1,NA,NA,0,0
0,"KENDALCOLEMAN","https://a.espncdn.com/i/headshots/mens-college-basketball/players/full/4703671.png","Kendal","Coleman","California Baptist",NA,"F",NA,NA,0,NA,0,NA,NA,NA,NA,NA,NA,NA,NA,NA,NA,NA,NA,NA,NA,NA,NA,NA,NA,NA,NA,NA,NA,NA,NA,NA,NA,NA,NA,NA,NA,1,NA,1,NA,0,0
13,"BRADYCOOK","https://a.espncdn.com/i/headshots/mens-college-basketball/players/full/5106310.png","Brady","Cook","California Baptist",NA,"G",NA,NA,0,NA,0,NA,NA,NA,NA,NA,NA,NA,NA,NA,NA,NA,NA,NA,NA,NA,NA,NA,NA,NA,NA,NA,NA,NA,NA,NA,NA,NA,NA,NA,NA,1,1,NA,NA,0,0
23,"ZACHWRIGHTSIL","https://a.espncdn.com/i/headshots/mens-college-basketball/players/full/4405311.png","Zach","Wrightsil","California Baptist",NA,"F",NA,NA,0,NA,0,NA,NA,NA,NA,NA,NA,NA,NA,NA,NA,NA,NA,NA,NA,NA,NA,NA,NA,NA,NA,NA,NA,NA,NA,NA,NA,NA,NA,NA,NA,1,NA,1,NA,0,0
3,"JUDAHMINTZ","https://a.espncdn.com/i/headshots/mens-college-basketball/players/full/4684729.png","Judah","Mintz","Syracuse","So","G","6-4",185,9,9,30.1,32.3,29.7,100,NA,NA,NA,NA,24.6,7.1,2.3,9.4,19.6,8.3,44.2,46.7,25.9,50.9,58,77.3,64.7,3.6,1.64,23,11.7,2.3,7.9,5.1,3,0.8,2.8,1,1,0,0,1,0
4,"CHRISBELL","https://a.espncdn.com/i/headshots/mens-college-basketball/players/full/4684627.png","Chris","Bell","Syracuse","So","F","6-7",188,9,9,29.1,20.4,23.7,NA,19.2771084337349,80.722891566265,NA,NA,13.4,2.3,-0.4,2,14,1.7,41.7,38.4,60.3,51.2,51.1,40,4.1,0.7,0.7,4.4,6.8,1.2,7,4.1,1.3,2.8,2.1,1,0,1,0,1,0
2,"JJSTARLING","https://a.espncdn.com/i/headshots/mens-college-basketball/players/full/4683697.png","JJ","Starling","Syracuse","So","G","6-4",206,9,9,34.3,21.6,20.9,31.3253012048193,68.6746987951807,NA,NA,NA,10.8,-1.8,0,-1.8,11.4,3,47,12.5,22.4,40.7,43.8,72.7,20.6,3.6,1.64,18.2,14.6,3.3,10.2,6.8,1.6,1,2,1,1,0,0,1,0
5,"JUSTINTAYLOR","https://a.espncdn.com/i/headshots/mens-college-basketball/players/full/4684746.png","Justin","Taylor","Syracuse","So","G","6-6",218,9,9,29.6,14.4,15.8,NA,NA,11.1111111111111,88.8888888888889,NA,10.3,-1.3,1.3,0,7.9,1.4,40.7,31.3,64,44.7,45.9,80,6.7,2.3,1.77,13,13.4,0.8,20.6,10.7,1.6,1.2,2,1,0,1,0,1,0
1,"MALIQBROWN","https://a.espncdn.com/i/headshots/mens-college-basketball/players/full/5105337.png","Maliq","Brown","Syracuse","So","F","6-8",222,9,0,21.1,11,11.1,NA,NA,NA,NA,100,23.7,2.8,4.7,7.6,6.6,1.9,73.5,0,2.9,71.4,74.2,90,28.6,0.6,1,4.6,11.2,12.4,13.3,12.9,5.8,2.7,4.6,1,0,0,1,0,0
10,"NAHEEMMCLEOD","https://a.espncdn.com/i/headshots/mens-college-basketball/players/full/4897004.png","Naheem","McLeod","Syracuse","Jr","C","7-4",265,9,9,17.2,11.9,11.8,NA,NA,NA,NA,100,24,2.9,3,5.9,5.4,3.4,70.4,NA,0,70.4,69.9,64.7,63,0.1,0.25,1.1,10.2,15.9,12.4,14.1,0.7,13.3,2.1,1,0,0,1,1,0
24,"QUADIRCOPELAND","https://a.espncdn.com/i/headshots/mens-college-basketball/players/full/4683860.png","Quadir","Copeland","Syracuse","So","G","6-6",200,9,0,16.7,22.2,19.6,NA,NA,64.8648648648649,35.1351351351351,NA,15.8,-3.5,0.9,-2.6,5.1,3.4,59.4,0,17.9,48.7,51.5,66.7,30.8,2,1,20.7,28.7,10.3,23,16.7,3.3,0.7,3.7,1,0,1,0,0,0
0,"KYLECUFFE","https://a.espncdn.com/i/headshots/mens-college-basketball/players/full/4816087.png","Kyle","Cuffe","Syracuse","So","G","6-2",190,9,0,12,18.4,20,NA,100,NA,NA,NA,6.9,-8.1,0.4,-7.7,3.8,1.6,46.2,30.4,63.9,45.8,46,50,5.6,0.3,0.3,4.7,19.6,2.8,9.4,6.1,3.5,1.9,7.1,1,1,0,0,0,0
13,"BENNYWILLIAMS","https://a.espncdn.com/i/headshots/mens-college-basketball/players/full/4575472.png","Benny","Williams","Syracuse","Jr","F","6-9",210,5,0,13.6,20.1,21.3,NA,NA,NA,100,NA,12.6,-0.9,4.1,3.2,4.6,4.4,41.7,27.3,47.8,41.3,42.9,50,34.8,0.8,1,10,13,3,16.4,9.7,2.4,9.1,5,1,0,1,0,0,0
14,"NIKORUFFIN","https://a.espncdn.com/i/headshots/mens-college-basketball/players/full/4897403.png","Niko","Ruffin","Syracuse",NA,"G",NA,NA,1,0,2,NA,23.5,NA,NA,NA,NA,NA,72.5,NA,NA,NA,3,NA,NA,100,100,150,150,NA,0,0,NA,0,0,0,0,0,0,0,NA,1,1,NA,NA,0,0
23,"PETERCAREY","https://a.espncdn.com/i/headshots/mens-college-basketball/players/full/5105338.png","Peter","Carey","Syracuse","So","C","6-11",205,4,0,3.3,11.9,10.8,NA,NA,NA,NA,NA,5.2,-3,-1,-4,0.5,0.9,33.3,NA,0,33.3,33.3,NA,0,0,NA,0,0,7.9,23.4,15.7,0,0,10,1,NA,NA,1,0,0
12,"ANTHONYCLAYTON","https://a.espncdn.com/i/headshots/mens-college-basketball/players/full/5113370.png","Anthony","Clayton","Syracuse",NA,"G",NA,NA,1,0,2,NA,70.4,NA,NA,NA,NA,NA,-60.5,NA,NA,NA,0,NA,0,0,33.3,0,0,NA,0,0,NA,0,0,0,0,0,0,0,NA,1,1,NA,NA,0,0
55,"MOUNIRHIMA","https://a.espncdn.com/i/headshots/mens-college-basketball/players/full/4700878.png","Mounir","Hima","Syracuse",NA,"C",NA,NA,1,0,3,NA,0,NA,NA,NA,NA,NA,0,-3.3,-1.5,-4.8,0,NA,NA,NA,NA,NA,NA,NA,NA,0,NA,0,NA,0,0,0,0,0,NA,1,NA,NA,1,0,0
34,"CHRISGATTY","https://a.espncdn.com/i/headshots/mens-college-basketball/players/full/5174290.png","Chris","Gatty","Syracuse",NA,"G",NA,NA,0,NA,0,NA,NA,NA,NA,NA,NA,NA,NA,NA,NA,NA,NA,NA,NA,NA,NA,NA,NA,NA,NA,NA,NA,NA,NA,NA,NA,NA,NA,NA,NA,1,1,NA,NA,0,0
30,"CHAZOWENS","https://a.espncdn.com/i/headshots/mens-college-basketball/players/full/4691167.png","Chaz","Owens","Syracuse",NA,"F",NA,NA,0,NA,0,NA,NA,NA,NA,NA,NA,NA,NA,NA,NA,NA,NA,NA,NA,NA,NA,NA,NA,NA,NA,NA,NA,NA,NA,NA,NA,NA,NA,NA,NA,1,NA,1,NA,0,0
21,"WILLIAMPATTERSON","https://a.espncdn.com/i/headshots/mens-college-basketball/players/full/5174289.png","William","Patterson","Syracuse",NA,"C",NA,NA,0,NA,0,NA,NA,NA,NA,NA,NA,NA,NA,NA,NA,NA,NA,NA,NA,NA,NA,NA,NA,NA,NA,NA,NA,NA,NA,NA,NA,NA,NA,NA,NA,1,NA,NA,1,0,0
11,"CHANCEWESTRY","https://a.espncdn.com/i/headshots/mens-college-basketball/players/full/4683680.png","Chance","Westry","Syracuse",NA,"G",NA,NA,0,NA,0,NA,NA,NA,NA,NA,NA,NA,NA,NA,NA,NA,NA,NA,NA,NA,NA,NA,NA,NA,NA,NA,NA,NA,NA,NA,NA,NA,NA,NA,NA,1,1,NA,NA,0,0
2,"EMANUELMILLER","https://a.espncdn.com/i/headshots/mens-college-basketball/players/full/4432872.png","Emanuel","Miller","TCU","Sr","F","6-7",215,7,7,27.3,22.2,22.8,NA,47.8260869565217,52.1739130434783,NA,NA,28.7,6.6,2.3,8.9,15.9,2.8,58.5,41.2,20.7,59.1,61.9,87.5,19.5,3,3.33,17.4,6.3,10.5,12.8,11.7,3.6,3.1,1.7,1,0,1,0,1,0
21,"JAKOBECOLES","https://a.espncdn.com/i/headshots/mens-college-basketball/players/full/4432282.png","JaKobe","Coles","TCU","Jr","F","6-8",215,7,7,24,21.8,23.8,NA,NA,NA,100,NA,28.8,6,2.1,8,15.7,3.6,64.6,55,29.4,69.9,71,75,29.4,1.9,1.36,12.5,11.4,5.2,18.9,12.7,3.1,2.3,2.4,1,0,1,0,1,0
0,"MICAHPEAVY","https://a.espncdn.com/i/headshots/mens-college-basketball/players/full/4432185.png","Micah","Peavy","TCU","Sr","G","6-8",215,7,7,25.3,21.1,21.2,NA,NA,67.2131147540984,32.7868852459016,NA,19.5,0.8,0.7,1.5,12.1,2.1,73.2,30.4,35.9,63.3,62.2,44.4,14.1,3.7,1.85,22.3,17,4.3,11.4,8.1,2.4,1.1,3.2,1,0,1,0,1,0
4,"JAMEERNELSON","https://a.espncdn.com/i/headshots/mens-college-basketball/players/full/4592444.png","Jameer","Nelson","TCU","Sr","G","6-2",205,7,7,23.4,24,23.6,74.5454545454545,25.4545454545455,NA,NA,NA,24.5,1.2,6.3,7.5,11.7,4.1,63.2,23.8,35.6,53.4,58.6,82.6,39,4.1,1.95,25.6,17.7,1.5,11,6.7,7.1,3,3.4,1,1,0,0,1,0
3,"AVERYANDERSON","https://a.espncdn.com/i/headshots/mens-college-basketball/players/full/4432851.png","Avery","Anderson","TCU","Sr","G","6-2",170,7,0,22.3,22.7,22.2,100,NA,NA,NA,NA,20,-0.6,2.9,2.3,10.4,3.7,57.5,28.6,25.9,53.7,57.9,78.9,35.2,3.9,2.05,24.9,17.1,1.6,9.5,5.9,4.7,0.6,3.9,1,1,0,0,0,0
11,"TREYTENNYSON","https://a.espncdn.com/i/headshots/mens-college-basketball/players/full/4897296.png","Trey","Tennyson","TCU","Sr","G","6-3",180,7,0,18.1,19.1,20.3,NA,100,NA,NA,NA,12.5,-0.9,-1.3,-2.3,7.6,1.8,47.8,45,46.5,57,58.4,80,11.6,1.7,1.06,13.3,19.5,2,7.5,5,1.2,1.5,1.9,1,1,0,0,0,0
12,"XAVIERCORK","https://a.espncdn.com/i/headshots/mens-college-basketball/players/full/4593722.png","Xavier","Cork","TCU","Sr","F","6-9",235,7,0,12.1,16.9,16.1,NA,NA,NA,NA,100,20.5,0.4,1.4,1.8,5,1.9,80,NA,0,80,79.9,75,20,1,0.91,12.1,26.8,10.3,17.5,14.2,1.2,4.6,3.8,1,0,0,1,0,0
5,"CHUCKOBANNON","https://a.espncdn.com/i/headshots/mens-college-basketball/players/full/4278533.png","Chuck","O'Bannon","TCU","Sr","G","6-7",220,6,0,17,15.6,15,NA,NA,41.1764705882353,58.8235294117647,NA,16.8,-0.8,1.7,1,5.7,5.2,63.6,8.3,52.2,37,52.3,85,87,1.5,7.5,11.2,3,8.6,14.6,11.8,1.6,3.8,5.5,1,0,1,0,0,0
44,"ESSAMMOSTAFA","https://a.espncdn.com/i/headshots/mens-college-basketball/players/full/4433052.png","Essam","Mostafa","TCU","Sr","C","6-9",250,7,0,12.4,15.2,14,NA,NA,NA,NA,100,22.7,1.6,1.6,3.2,4.4,3.9,60,NA,0,60,60.3,58.3,60,0.7,7,7.9,3.7,17.3,20.7,19.2,1.2,7.8,5.1,1,0,0,1,0,0
8,"ERNESTUDEH","https://a.espncdn.com/i/headshots/mens-college-basketball/players/full/5106261.png","Ernest","Udeh","TCU","So","C","6-11",260,7,7,14.3,11.5,9.9,NA,NA,NA,NA,100,11.3,-5.3,1.5,-3.7,2.3,3.9,40,NA,0,40,48,57.1,140,0.3,0.43,2.4,23.1,12.6,22.3,17.8,2.1,7.8,6.8,1,0,0,1,1,0
30,"DARIUSFORD","https://a.espncdn.com/i/headshots/mens-college-basketball/players/full/4897751.png","Darius","Ford","TCU","Jr","G","5-11",155,5,0,1.6,27.1,34.2,NA,NA,NA,NA,NA,20.8,-3.5,1.3,-2.2,1,1.1,100,25,80,50,50,NA,0,0.2,1,20.2,16.7,0,26.5,14.4,6.6,0,0,1,1,NA,NA,0,0
22,"TYLERLUNDBLADE","https://a.espncdn.com/i/headshots/mens-college-basketball/players/full/4683944.png","Tyler","Lundblade","TCU","So","G","6-7",212,6,0,4.7,14,14.6,NA,NA,100,NA,NA,0.5,-8.9,-3.2,-12.1,0.8,2.4,NA,20,100,30,42,100,40,0.2,0.4,4.3,33.5,0,7.6,4.1,1.9,0,1.4,1,0,1,0,0,0
35,"COLEDESPIE","https://a.espncdn.com/i/headshots/mens-college-basketball/players/full/4897754.png","Cole","Despie","TCU","Jr","G","6-4",186,5,0,1,15.4,17.8,NA,NA,NA,NA,NA,14.6,-3.6,-1.4,-5,0.4,8.2,0,NA,0,0,51.3,100,200,0.2,Inf,23,0,0,0,0,0,0,6.7,1,1,NA,NA,0,0
33,"TREYSTUART","https://a.espncdn.com/i/headshots/mens-college-basketball/players/full/5106277.png","Trey","Stuart","TCU","So","G","6-2",175,5,0,1,2.4,0,NA,NA,NA,NA,NA,6.9,-0.3,-0.7,-1,0,0.6,NA,NA,NA,NA,NA,NA,NA,0.2,Inf,23,NA,0,0,0,0,0,0,1,1,NA,NA,0,0
55,"ZACHGONSOULIN","https://a.espncdn.com/i/headshots/mens-college-basketball/players/full/5106278.png","Zach","Gonsoulin","TCU",NA,"G",NA,NA,0,NA,0,NA,NA,NA,NA,NA,NA,NA,NA,NA,NA,NA,NA,NA,NA,NA,NA,NA,NA,NA,NA,NA,NA,NA,NA,NA,NA,NA,NA,NA,NA,1,1,NA,NA,0,0
1,"ISAIAHMANNING","https://a.espncdn.com/i/headshots/mens-college-basketball/players/full/4895786.png","Isaiah","Manning","TCU",NA,"F",NA,NA,0,NA,0,NA,NA,NA,NA,NA,NA,NA,NA,NA,NA,NA,NA,NA,NA,NA,NA,NA,NA,NA,NA,NA,NA,NA,NA,NA,NA,NA,NA,NA,NA,1,NA,1,NA,0,0
41,"JACEPOSEY","https://a.espncdn.com/i/headshots/mens-college-basketball/players/full/5101654.png","Jace","Posey","TCU",NA,"F",NA,NA,0,NA,0,NA,NA,NA,NA,NA,NA,NA,NA,NA,NA,NA,NA,NA,NA,NA,NA,NA,NA,NA,NA,NA,NA,NA,NA,NA,NA,NA,NA,NA,NA,1,NA,1,NA,0,0
8,"DAVIDJONES","https://a.espncdn.com/i/headshots/mens-college-basketball/players/full/4713010.png","David","Jones","Memphis","Sr","F","6-6",210,8,8,31.1,28.2,29.2,NA,11.1111111111111,72.8395061728395,16.0493827160494,NA,24.7,6.1,2.1,8.2,19,5.8,51.7,37.3,46.8,53.7,58.3,77.8,41.3,1.4,0.5,9.1,14.4,7.2,14.6,11.1,4.4,1.7,1.8,1,0,1,0,1,0
11,"JAHVONQUINERLY","https://a.espncdn.com/i/headshots/mens-college-basketball/players/full/4397132.png","Jahvon","Quinerly","Memphis","Sr","G","6-1",175,8,8,30.4,21,20.1,100,NA,NA,NA,NA,16.3,2.2,0.6,2.8,12,4,54.3,31.4,50,50.7,57.6,89.3,40,4.8,2,27.9,18.6,0.9,10.8,6.1,1.8,0.4,2.8,1,1,0,0,1,0
10,"JAYKWONWALTON","https://a.espncdn.com/i/headshots/mens-college-basketball/players/full/4431713.png","Jaykwon","Walton","Memphis","Sr","F","6-7",206,8,7,26.6,19.3,19.7,NA,NA,24.1935483870968,67.741935483871,8.06451612903226,13.7,0.8,1.4,2.2,9.6,3.6,45.7,32.3,47,47,50.7,71.4,31.8,1.8,1.2,11.7,13.6,3.1,11.4,7.5,2.3,3,2.8,1,0,1,0,0,0
9,"CALEBMILLS","https://a.espncdn.com/i/headshots/mens-college-basketball/players/full/4412211.png","Caleb","Mills","Memphis","Sr","G","6-5",185,8,5,26.8,17,17.3,NA,92.3076923076923,7.69230769230769,NA,NA,13.7,0.4,1.4,1.7,9.4,4.3,41.5,35.3,29.3,44.8,52.2,79.3,50,1.8,2.25,11.4,7.7,2.1,12.3,7.4,1.5,1.5,3.9,1,1,0,0,0,0
23,"MALCOLMDANDRIDGE","https://a.espncdn.com/i/headshots/mens-college-basketball/players/full/4431738.png","Malcolm","Dandridge","Memphis","Sr","C","6-9",260,8,3,14.8,20.7,20.5,NA,NA,NA,NA,100,20.2,-1.8,3.8,2,6.4,4.1,66.7,NA,0,66.7,64.3,50,42.4,0.3,0.21,3.4,21.7,9.4,14.5,12.1,1.9,12.8,7.5,1,0,0,1,1,0
2,"NICKJOURDAIN","https://a.espncdn.com/i/headshots/mens-college-basketball/players/full/4701221.png","Nick","Jourdain","Memphis","Jr","F","6-9",220,8,3,17,10.8,10.1,NA,NA,NA,37.5,62.5,20,4.4,0.8,5.2,5.6,2,81.3,62.5,33.3,85.4,83.8,66.7,25,0.5,1.67,5.3,6.9,11.5,13.4,12.5,0,4.7,5,1,0,0,1,1,0
3,"JORDANBROWN","https://a.espncdn.com/i/headshots/mens-college-basketball/players/full/4397340.png","Jordan","Brown","Memphis","Sr","F","6-11",225,7,5,13.6,25.6,25.4,NA,NA,NA,NA,100,15.6,-3.5,-1,-4.6,6.1,4.9,51.4,NA,0,51.4,51.6,50,40,0.1,0.08,2.1,17.8,12.9,17,15,1.7,3.4,5.9,1,0,0,1,0,0
4,"ASHTONHARDAWAY","https://a.espncdn.com/i/headshots/mens-college-basketball/players/full/4711280.png","Ashton","Hardaway","Memphis","Fr","F","6-8",210,8,1,12.5,16.6,17.9,NA,NA,13.1578947368421,68.4210526315789,18.4210526315789,9.4,0.9,0.7,1.6,4.3,1.5,41.7,42.1,61.3,54.8,54,0,3.2,0.8,1,10.8,16,0,7.1,3.7,1.1,3.2,4.4,1,0,0,1,1,0
1,"JAYHLONYOUNG","https://a.espncdn.com/i/headshots/mens-college-basketball/players/full/5106644.png","Jayhlon","Young","Memphis","Jr","G","6-2",175,8,0,12.3,18.8,18.2,66.6666666666667,33.3333333333333,NA,NA,NA,13.1,-2.3,5.6,3.3,3.4,2.5,50,33.3,25,50,51.2,60,20.8,0.9,0.64,12.5,29.4,4.5,9.3,7,7.3,0,2.5,1,1,0,0,0,0
25,"JAYDENHARDAWAY","https://a.espncdn.com/i/headshots/mens-college-basketball/players/full/4396635.png","Jayden","Hardaway","Memphis","Sr","G","6-5",205,8,0,13.3,13.5,13.4,NA,54.8387096774194,45.1612903225806,NA,NA,7.6,-2.1,-0.3,-2.4,3.3,3.3,50,20,45.5,40.9,48.6,80,45.5,0.4,1,4.7,10.1,2.1,6.7,4.5,1,0,1.9,1,0,1,0,0,0
0,"JONATHANPIERRE","https://a.espncdn.com/i/headshots/mens-college-basketball/players/full/5175060.png","Jonathan","Pierre","Memphis","Jr","G","6-9",210,5,0,6.4,19.7,20.9,NA,NA,NA,NA,NA,9.3,-1,-1.8,-2.7,2,1.4,33.3,28.6,53.8,38.5,38.5,NA,0,0.4,2,11.2,7.1,7,6.3,6.6,1.7,0,0,1,1,NA,NA,0,0
5,"CARLCHERENFANT","https://a.espncdn.com/i/headshots/mens-college-basketball/players/full/4711271.png","Carl","Cherenfant","Memphis","Fr","G","6-5",195,5,0,2.8,14.3,13.6,NA,NA,NA,NA,NA,-5.1,-9.2,1.9,-7.3,0,1.2,0,0,50,0,0,NA,0,0,0,0,50,8,7.2,7.6,3.9,7.7,5.7,1,1,NA,NA,0,0
15,"NOAHSTANSBURY","https://a.espncdn.com/i/headshots/mens-college-basketball/players/full/4703073.png","Noah","Stansbury","Memphis",NA,"G",NA,NA,2,0,1.5,NA,46.9,NA,NA,NA,NA,NA,-39.4,-33.6,-15.8,-49.4,0,NA,0,NA,0,0,0,0,200,0.5,1,48.8,33.9,0,0,0,0,0,NA,1,1,NA,NA,0,0
30,"JJTAYLOR","https://a.espncdn.com/i/headshots/mens-college-basketball/players/full/5175063.png","JJ","Taylor","Memphis",NA,"F",NA,NA,2,0,2,NA,0,NA,NA,NA,NA,NA,3.9,-2.5,-0.8,-3.2,0,NA,NA,NA,NA,NA,NA,NA,NA,0,NA,0,NA,0,25.2,13.2,0,0,NA,1,NA,1,NA,0,0
20,"JOECOOPER","https://a.espncdn.com/i/headshots/mens-college-basketball/players/full/5175062.png","Joe","Cooper","Memphis",NA,"G",NA,NA,0,NA,0,NA,NA,NA,NA,NA,NA,NA,NA,NA,NA,NA,NA,NA,NA,NA,NA,NA,NA,NA,NA,NA,NA,NA,NA,NA,NA,NA,NA,NA,NA,1,1,NA,NA,0,0
5,"AJMCKEE",NA,"AJ","McKee",NA,"Jr","G","6-2",200,10,10,30.9,28.2,29,19.0476190476191,13.0952380952381,67.8571428571428,NA,NA,18.9,1,-0.2,0.8,17.7,5.3,49.5,27.6,38.4,46.4,50.1,68.5,35.8,2.7,1.29,17.8,10.6,5.3,11.1,8,3.1,0.6,3,1,0,1,0,1,0
13,"DEYTONALBURY",NA,"Deyton","Albury",NA,"Jr","G","6-2",190,10,10,29,30.1,28.1,100,NA,NA,NA,NA,20.2,0.2,1.3,1.6,15.2,6.5,45.2,26.7,12.6,44.5,51,73,52.9,5,1.61,33.4,17.2,3.7,17,10,3.1,2.7,4,1,1,0,0,1,0
6,"BJMCLAURIN",NA,"BJ","McLaurin",NA,"Sr","F","6-8",230,10,10,24.2,20,20.5,NA,NA,NA,7.69230769230769,92.3076923076923,18.3,2.7,-1.3,1.3,11.7,4.6,54.1,34.8,55.4,53,59.3,87.9,39.8,1,0.91,7.6,10,5.6,23.9,14.3,0.4,0.8,3.3,1,0,0,1,1,0
11,"CHRISASHBY",NA,"Chris","Ashby",NA,"Jr","G","6-2",185,10,10,30.7,11.4,13.1,NA,100,NA,NA,NA,9.9,-1.6,-1.9,-3.5,10,1,45.5,40.5,87.1,58.8,58.8,NA,0,1.1,2.75,6.2,4.5,1.3,1.7,1.5,0.7,0,2.2,1,1,0,0,1,0
10,"BRYCECASH",NA,"Bryce","Cash",NA,"Fr","G","6-5",210,10,10,25.5,15.6,15.4,NA,NA,NA,100,NA,9.9,-3.1,-1.3,-4.4,7.7,2.5,57.1,27.3,34.4,51.6,54.5,78.6,21.9,1.3,0.81,8.9,18.5,6.1,7.5,6.8,1.3,0.4,4.2,1,0,1,0,1,0
0,"KOBEGEORGE",NA,"Kobe","George",NA,"Fr","G","6-3",195,9,0,11.6,17.1,20.8,NA,NA,100,NA,NA,11.5,-5.4,-2.1,-7.5,4.8,3.5,25,45.5,57.9,50,51.4,62.5,21.1,0.8,1.14,12.1,12.6,0.9,11.3,5.9,1.5,0,2,1,0,1,0,0,0
1,"JACOBISEBOCK",NA,"Jacobi","Sebock",NA,"So","F","6-6",195,7,0,17.1,18.2,19.3,NA,NA,NA,100,NA,13.1,-4.5,-2.3,-6.7,5.9,2.4,52.2,26.7,39.5,47.4,48.5,55.6,23.7,0.7,0.54,7.5,17.6,12.1,19.6,15.7,1.3,2.5,5,1,0,1,0,0,0
12,"LOGANTHREATT",NA,"Logan","Threatt",NA,"Fr","G","6-3",190,7,0,8.4,17.2,18.3,NA,65,35,NA,NA,23.6,-2.1,0.3,-1.8,4.1,3.7,54.5,45.5,50,61.4,60.7,50,18.2,1.6,Inf,36.8,0,1.6,7.3,4.3,2.7,0,3.2,1,0,1,0,0,0
32,"MALCOLMWILSON",NA,"Malcolm","Wilson",NA,"Sr","C","7-0",215,10,0,12.5,13.7,12.3,NA,NA,NA,NA,100,12.1,-8.3,0.9,-7.4,2.4,2.2,55,NA,0,55,52.5,33.3,30,0.2,0.18,2.6,32.5,13.1,21.4,17.1,0.4,11.1,5.4,1,0,0,1,0,0
22,"JAXONPOLLARD",NA,"Jaxon","Pollard",NA,"Jr","F","6-7",225,9,0,11.2,13.9,14.9,NA,NA,NA,80.6451612903226,19.3548387096774,8.3,-9.4,-0.9,-10.3,2.2,2.4,50,15,76.9,28.8,34.1,71.4,26.9,0.9,2.25,12.5,12,5.7,22.2,13.6,2.7,1,4.6,1,0,0,1,0,0
3,"KALIBMATHEWS",NA,"Kalib","Mathews",NA,"Jr","G","6-4",185,5,0,13.8,13,11.4,NA,NA,100,NA,NA,7.4,-3.6,-1.1,-4.6,1.6,2.3,22.2,50,18.2,31.8,32.2,33.3,27.3,1.6,1.6,17.9,28.7,12.6,3.1,8.1,2.3,2.9,5.2,1,0,1,0,0,0
8,"LUKEKRAWCZYK",NA,"Luke","Krawczyk",NA,NA,"F",NA,NA,5,0,3.2,NA,25.5,NA,NA,NA,NA,NA,11,-3.4,-6.2,-9.7,1,NA,16.7,33.3,33.3,27.8,27.8,NA,0,0,NA,0,0,6,40.1,22.2,3.4,6.2,NA,1,NA,1,NA,0,0
15,"JORDONNEVILL",NA,"Jordon","Nevill",NA,NA,"G",NA,NA,0,NA,0,NA,NA,NA,NA,NA,NA,NA,NA,NA,NA,NA,NA,NA,NA,NA,NA,NA,NA,NA,NA,NA,NA,NA,NA,NA,NA,NA,NA,NA,NA,1,1,NA,NA,0,0
4,"GAVINRAINS",NA,"Gavin","Rains",NA,NA,"F",NA,NA,0,NA,0,NA,NA,NA,NA,NA,NA,NA,NA,NA,NA,NA,NA,NA,NA,NA,NA,NA,NA,NA,NA,NA,NA,NA,NA,NA,NA,NA,NA,NA,NA,1,NA,1,NA,0,0
4,"ADAMABAL","https://a.espncdn.com/i/headshots/mens-college-basketball/players/full/4896365.png","Adama","Bal","Santa Clara","Jr","G","6-7",190,9,9,29.2,22.3,23.3,57.5,27.5,15,NA,NA,20.1,2.2,0.7,3,14.8,3.7,55.8,37.8,46.4,56.2,60.3,85.7,28.9,2.8,1.47,16.4,13.4,1.7,13.1,7.4,2.2,1.2,2.6,1,1,0,0,1,0
22,"CARLOSMARSHALL","https://a.espncdn.com/i/headshots/mens-college-basketball/players/full/4593725.png","Carlos","Marshall","Santa Clara","Sr","G","6-6",205,8,8,24.5,25.3,26.6,NA,11.1111111111111,88.8888888888889,NA,NA,28.6,7.9,-0.1,7.9,15.6,4.6,57.1,50,42.4,64.7,64.8,62.5,28.2,1.9,1.27,14.8,11.1,9.5,19.2,14.4,2,0,2.2,1,0,1,0,0,0
13,"CHRISTOPHTILLY","https://a.espncdn.com/i/headshots/mens-college-basketball/players/full/5109790.png","Christoph","Tilly","Santa Clara","So","C","7-0",225,9,9,19.9,24.4,23,NA,NA,NA,18.9655172413793,81.0344827586207,24.2,2.5,2.3,4.8,9.9,4,61.9,0,4.5,59.1,59.7,61.1,27.3,2.1,1.75,19.8,12.9,9.2,15.6,12.4,2.2,3.6,4.9,1,0,0,1,1,0
1,"TYEREEBRYAN","https://a.espncdn.com/i/headshots/mens-college-basketball/players/full/5108120.png","Tyeree","Bryan","Santa Clara","Jr","G","6-5",205,9,1,23.8,16.8,18.9,NA,76.5625,23.4375,NA,NA,14.5,0.9,-0.7,0.2,9.8,2.5,52.6,42.4,46.5,57.7,57.7,54.5,15.5,0.6,0.67,3.9,9.5,5.1,9,7.1,1.1,1,2.9,1,1,0,0,1,0
14,"JOHNNYONEIL","https://a.espncdn.com/i/headshots/mens-college-basketball/players/full/4702481.png","Johnny","O'Neil","Santa Clara","Jr","F","6-10",205,9,9,25.4,17.1,18.1,NA,NA,9.52380952380953,90.4761904761905,NA,12,-0.9,1.1,0.2,8.1,1.6,63,29.5,62,51.4,50.4,0,4.2,1.7,1.06,10.5,16.2,3.8,17.8,10.9,1,3.7,2.8,1,0,1,0,1,0
15,"JALENBENJAMIN","https://a.espncdn.com/i/headshots/mens-college-basketball/players/full/4431903.png","Jalen","Benjamin","Santa Clara","Sr","G","5-11",160,9,9,19.7,22.2,22.8,100,NA,NA,NA,NA,7.2,-5.3,-1.4,-6.8,6.7,2.7,39.4,37,45,46.7,47,50,13.3,2.3,1.05,19,23.9,1.2,8.5,4.9,1.6,0,2.9,1,1,0,0,1,0
10,"FRANCISCOCAFFARO","https://a.espncdn.com/i/headshots/mens-college-basketball/players/full/5176360.png","Francisco","Caffaro","Santa Clara","Sr","C","7-1",242,9,0,18.7,18.5,15.6,NA,NA,NA,NA,100,21,2.9,0.7,3.6,5.8,4.8,54.5,NA,0,54.5,57.3,61.5,78.8,2.4,2.4,20.3,16.6,17,16,16.5,0.7,2.5,3.2,1,0,0,1,0,0
44,"JAKEENSMINGER","https://a.espncdn.com/i/headshots/mens-college-basketball/players/full/5109789.png","Jake","Ensminger","Santa Clara","Fr","G","6-9",205,9,0,14.2,12.4,12.2,NA,NA,34.2105263157895,65.7894736842105,NA,10.8,-2.8,-0.6,-3.4,3.1,1.7,54.5,33.3,52.2,52.2,55.2,80,21.7,0.4,0.5,4.6,21.6,10.3,12.6,11.5,2.2,0,3.7,1,0,1,0,0,0
2,"CHRISTIANHAMMOND","https://a.espncdn.com/i/headshots/mens-college-basketball/players/full/5176359.png","Christian","Hammond","Santa Clara","Fr","G","6-4",180,7,0,12,14.3,16.5,NA,100,NA,NA,NA,9.6,-5.2,2,-3.3,3.3,2.5,46.7,25,34.8,43.5,46.2,75,17.4,0.9,1.5,11.1,13.8,0,10.2,5.2,2.7,1.3,2.4,1,1,0,0,0,0
21,"CAMARONTONGUE","https://a.espncdn.com/i/headshots/mens-college-basketball/players/full/4684310.png","Camaron","Tongue","Santa Clara","Jr","F","6-7",220,8,0,7.4,17,15.7,NA,NA,NA,100,NA,22.8,-1.3,-5,-6.2,2.4,5.1,45.5,50,15.4,50,52.1,54.5,84.6,0.4,4,7.8,5.2,22.3,21.9,22.1,1.9,1.8,2.9,1,0,1,0,0,0
20,"LUKEMCELDON","https://a.espncdn.com/i/headshots/mens-college-basketball/players/full/5176362.png","Luke","McEldon","Santa Clara","Fr","F","6-10",240,4,0,6.5,20.1,19.3,NA,NA,NA,NA,NA,18.5,-2.1,3,0.9,2.3,2.7,57.1,NA,0,57.1,53.4,33.3,42.9,0.3,0.6,6.4,19.2,25.3,4.1,14.6,2.2,4.1,9.4,1,NA,1,NA,0,0
0,"BRENTONKNAPPER","https://a.espncdn.com/i/headshots/mens-college-basketball/players/full/4897209.png","Brenton","Knapper","Santa Clara","So","G","6-0",170,4,0,8,22,21,100,NA,NA,NA,NA,4,-6.6,-4.2,-10.7,2,1.5,57.1,0,36.4,36.4,36.4,NA,0,1,1.25,19.9,21.4,3.4,6.7,5.1,0,0,0,1,1,0,0,0,0
3,"KOSYAKAMETU","https://a.espncdn.com/i/headshots/mens-college-basketball/players/full/5109787.png","Kosy","Akametu","Santa Clara","So","G","6-5",210,3,0,10.3,14.9,15.4,NA,NA,NA,NA,NA,4.5,-10.5,-0.3,-10.8,2,4,33.3,0,14.3,28.6,33.7,50,57.1,1,3.33,14.1,10.1,0,24.3,12.3,0,0,5,1,1,NA,NA,0,0
54,"MALACHIDOUYON",NA,"Malachi","Douyon",NA,NA,"G",NA,NA,1,0,3,NA,16,NA,NA,NA,NA,NA,-8.6,NA,NA,NA,0,NA,NA,0,100,0,0,NA,0,0,NA,0,0,0,35.8,18.1,0,0,NA,1,1,NA,NA,0,0
12,"BUKKYOBOYE","https://a.espncdn.com/i/headshots/mens-college-basketball/players/full/5176361.png","Bukky","Oboye","Santa Clara","Fr","C","7-1",200,2,0,4,17.9,18,NA,NA,NA,NA,NA,-13.1,-28.4,-1.9,-30.3,0,1.3,NA,0,100,0,0,NA,0,0,0,0,33.3,13.7,13.4,13.6,0,13.3,20,1,NA,NA,1,0,0
50,"BRENDANYARUSSO","https://a.espncdn.com/i/headshots/mens-college-basketball/players/full/5109791.png","Brendan","Yarusso","Santa Clara",NA,"G",NA,NA,1,0,4,NA,0,NA,NA,NA,NA,NA,5.3,NA,NA,NA,0,NA,NA,NA,NA,NA,NA,NA,NA,1,Inf,33.2,NA,0,0,0,0,0,NA,1,1,NA,NA,0,0
3,"CHRISTIANCOOK","https://a.espncdn.com/i/headshots/mens-college-basketball/players/full/4741646.png","Christian","Cook","New Mexico State","Jr","G","6-2",NA,10,9,30.8,16.6,17,NA,100,NA,NA,NA,13.2,2.7,-3,-0.4,11.1,2.9,49,36.6,45.6,51.7,56,94.7,21.1,1.5,3.75,10.2,3.9,1.6,8,4.8,0.9,1.4,4,1,1,0,0,1,0
21,"ROBERTCARPENTER","https://a.espncdn.com/i/headshots/mens-college-basketball/players/full/4592486.png","Robert","Carpenter","New Mexico State","Jr","F","6-7",NA,10,7,21.6,21.7,23.2,NA,NA,NA,100,NA,21,2.7,-2.1,0.6,10.9,4.3,56.9,28.6,35.4,51.9,58.1,87.1,39.2,0.4,0.8,4.3,5.1,9.6,14.6,12.2,2.1,2.6,7.3,1,0,1,0,1,0
1,"KAOSIEZEAGU","https://a.espncdn.com/i/headshots/mens-college-basketball/players/full/4397867.png","Kaosi","Ezeagu","New Mexico State","Sr","F","6-10",NA,10,10,22.2,18.7,20.9,NA,NA,NA,NA,100,15.8,-1.7,-3.7,-5.4,9.2,4.2,58.5,NA,0,58.5,58,53.3,46.2,0.1,0.08,1,13.2,10.4,18.5,14.5,1.5,1.3,7.1,1,0,0,1,1,0
13,"JADENHARRIS","https://a.espncdn.com/i/headshots/mens-college-basketball/players/full/5176770.png","Jaden","Harris","New Mexico State","Jr","G","6-4",NA,10,7,30.2,15.9,17.3,NA,18.3098591549296,81.6901408450704,NA,NA,8.5,-3.3,-3.8,-7.1,8.4,2.5,36.1,37.5,52.6,46.7,48.9,61.9,27.6,1.4,0.82,9.1,16.5,2,10.5,6.3,1.9,1.4,2.4,1,0,1,0,0,0
2,"JORDANRAWLS","https://a.espncdn.com/i/headshots/mens-college-basketball/players/full/4593292.png","Jordan","Rawls","New Mexico State","Sr","G","6-2",NA,9,3,27.7,19.7,19.6,74.1379310344827,15.5172413793103,10.3448275862069,NA,NA,11.4,-3.2,-4.3,-7.5,8,1.9,41.1,31.6,25.3,42.7,44.9,72.7,14.7,4.1,2.28,30.6,16.6,1.5,9.9,5.8,2.3,0,1.4,1,1,0,0,0,0
0,"JAYLINJACKSONPOSEY","https://a.espncdn.com/i/headshots/mens-college-basketball/players/full/4703691.png","Jaylin","Jackson-Posey","New Mexico State","Jr","G","6-2",NA,8,7,25,23.1,22,100,NA,NA,NA,NA,13.4,-2.2,-3.3,-5.6,8.8,2.6,38.2,47.6,38.2,50.9,56.8,100,25.5,4.8,1.55,39,28.9,1.8,17.6,9.8,2,0,5.8,1,1,0,0,1,0
11,"FEMIODUKALE","https://a.espncdn.com/i/headshots/mens-college-basketball/players/full/4701839.png","Femi","Odukale","New Mexico State","Sr","G","6-6",NA,5,3,27.8,34.6,32.3,33.8983050847458,NA,44.0677966101695,22.0338983050847,NA,17,2.5,-1.9,0.6,14,10.5,48.6,28.6,15.9,47.7,52,57.1,111.4,2.8,0.67,22,23.8,10.5,19.4,15,3.3,1,5,1,0,1,0,1,0
25,"CLARENCEJACKSON","https://a.espncdn.com/i/headshots/mens-college-basketball/players/full/4701238.png","Clarence","Jackson","New Mexico State","Sr","F","6-7",NA,10,3,19.2,18.9,20.5,NA,NA,NA,73.469387755102,26.530612244898,12.7,-4.4,-2.8,-7.2,6.5,4.4,43.3,24,45.5,40,48.9,87.5,43.6,0.5,0.45,5.2,14.2,8.9,19.5,14.3,3,0.7,6.7,1,0,0,1,0,0
5,"KEYLONDORSEY","https://a.espncdn.com/i/headshots/mens-college-basketball/players/full/5176768.png","Keylon","Dorsey","New Mexico State","Fr","G","6-5",NA,7,0,6.4,21.7,23.6,NA,NA,100,NA,NA,13.5,-7.9,-8.2,-16.1,3.1,3.5,75,38.5,76.5,61.8,58.2,25,23.5,0,0,0,9.6,2.7,15.6,9.3,0,3.1,9.1,1,0,1,0,0,0
24,"JONATHANKANYANGA","https://a.espncdn.com/i/headshots/mens-college-basketball/players/full/4908062.png","Jonathan","Kanyanga","New Mexico State","Sr","C","6-9",NA,8,0,13.8,8.4,7.8,NA,NA,NA,NA,100,8.2,-5.4,-1.5,-6.9,1.5,2.4,44.4,NA,0,44.4,50.6,66.7,66.7,0.3,0.5,3.2,29.7,7.7,21.3,14.6,1,6.4,6.1,1,0,0,1,0,0
4,"BRANDONSUGGS","https://a.espncdn.com/i/headshots/mens-college-basketball/players/full/4592966.png","Brandon","Suggs","New Mexico State","Sr","F","6-6",NA,2,1,14,14.7,17,NA,NA,NA,NA,NA,0.9,-8.1,-5.1,-13.2,3,1.2,40,0,28.6,28.6,32,40,71.4,1,Inf,13.5,0,0,4.2,2.1,0,0,9.2,1,NA,1,NA,0,0
14,"YAAKYAAK","https://a.espncdn.com/i/headshots/mens-college-basketball/players/full/5176771.png","Yaak","Yaak","New Mexico State","Fr","F","6-11",NA,6,0,6.5,8.1,11.5,NA,NA,NA,NA,100,2.2,-9.4,-0.5,-9.9,0.8,2.5,0,0,33.3,0,42.7,83.3,200,0.2,0.4,4.3,33.9,3.1,24,13.8,0,3.6,8.3,1,0,0,1,0,0
26,"DAVIONBRADFORD","https://a.espncdn.com/i/headshots/mens-college-basketball/players/full/4700530.png","Davion","Bradford","New Mexico State",NA,"C",NA,NA,0,NA,0,NA,NA,NA,NA,NA,NA,NA,NA,NA,NA,NA,NA,NA,NA,NA,NA,NA,NA,NA,NA,NA,NA,NA,NA,NA,NA,NA,NA,NA,NA,1,NA,NA,1,0,0
99,"LEWISDUARTE",NA,"Lewis","Duarte",NA,NA,"G",NA,NA,0,NA,0,NA,NA,NA,NA,NA,NA,NA,NA,NA,NA,NA,NA,NA,NA,NA,NA,NA,NA,NA,NA,NA,NA,NA,NA,NA,NA,NA,NA,NA,NA,1,1,NA,NA,0,0
2,"JUSTINHOHN","https://a.espncdn.com/i/headshots/mens-college-basketball/players/full/4433009.png","Justin","Hohn","UC Irvine","Sr","G","6-2",185,9,9,26.2,23.7,25,39.3939393939394,60.6060606060606,NA,NA,NA,17.7,2.7,2,4.6,13.7,4,55.8,38.1,44.7,56.4,58.1,68,26.6,1,0.62,7.1,11.7,1.6,14.7,8.6,2.4,0,2.2,1,1,0,0,1,0
1,"DERINSARAN","https://a.espncdn.com/i/headshots/mens-college-basketball/players/full/5176395.png","Derin","Saran","UC Irvine","Fr","G","6-4",190,9,0,18.6,28.5,28.1,22.9166666666667,10.4166666666667,66.6666666666667,NA,NA,24.5,5,2,7,11.1,5,56.9,40,13.3,57.3,58.5,63.6,29.3,2,1.82,22.3,10.5,7.5,13.6,10.7,1.7,1.2,3,1,0,1,0,0,0
11,"DEVINTILLIS","https://a.espncdn.com/i/headshots/mens-college-basketball/players/full/4703393.png","Devin","Tillis","UC Irvine","Jr","F","6-6",215,9,8,20.8,21.9,21.2,NA,NA,NA,100,NA,24.5,6.6,3.5,10.1,10.7,4.3,70.6,37,44.3,63.9,67.2,81.8,36.1,2,2,17.6,11.2,5.3,26.6,16.7,1.5,0,4,1,0,1,0,0,0
4,"ANDREHENRY","https://a.espncdn.com/i/headshots/mens-college-basketball/players/full/4702629.png","Andre","Henry","UC Irvine","Sr","G","6-4",185,9,9,23.2,18.8,20.7,NA,26.3157894736842,73.6842105263158,NA,NA,19.7,-0.2,2,1.8,10.1,3.9,51.2,41.7,36.9,55.4,59.9,82.6,35.4,1.4,1.08,10.7,13.6,6,12.4,9.4,3.8,0.5,1.9,1,0,1,0,1,0
31,"DEANKEELER","https://a.espncdn.com/i/headshots/mens-college-basketball/players/full/4592962.png","Dean","Keeler","UC Irvine","Sr","F","6-11",240,9,0,18.4,21.6,21.9,NA,NA,NA,NA,100,17.3,-1.2,1.5,0.3,7.3,4.2,51.9,NA,0,51.9,53.2,57.1,40.4,0.8,0.62,7.5,16.2,12,18.9,15.7,1,6.6,5.3,1,0,0,1,0,0
3,"PIERRECROCKRELL","https://a.espncdn.com/i/headshots/mens-college-basketball/players/full/4432962.png","Pierre","Crockrell","UC Irvine","Sr","G","6-0",180,9,9,21.4,21,17.9,100,NA,NA,NA,NA,9.2,-3,-1.7,-4.8,4.8,2,41.3,NA,0,41.3,43.6,71.4,15.2,5.6,2.43,41.2,29.9,0.6,6.7,3.9,1.5,0,2.7,1,1,0,0,1,0
15,"BENTLEUCHTEN","https://a.espncdn.com/i/headshots/mens-college-basketball/players/full/4897676.png","Bent","Leuchten","UC Irvine","Jr","C","7-1",265,4,4,18.3,24.7,25.6,NA,NA,NA,NA,NA,24.7,5.3,2.6,7.9,10,7.4,50,28.6,25.9,48.1,54.1,66.7,77.8,1.3,4.33,12.2,2.6,10.2,14.8,12.7,0.8,5.4,3.3,1,NA,NA,1,0,0
13,"HAYDENWELLING","https://a.espncdn.com/i/headshots/mens-college-basketball/players/full/5107161.png","Hayden","Welling","UC Irvine","So","F","6-9",205,9,1,9.8,13.2,16.4,NA,NA,NA,59.0909090909091,40.9090909090909,12.6,-10.2,1,-9.2,3.8,2.4,68.2,NA,0,68.2,69.7,80,22.7,0,0,0,17,4.2,12.3,8.6,0.6,3.4,11.8,1,0,0,1,1,0
0,"DYLANTHOERNER","https://a.espncdn.com/i/headshots/mens-college-basketball/players/full/5117351.png","Dylan","Thoerner","UC Irvine","Sr","G","6-6",200,9,0,12.2,13.9,16.2,NA,NA,66.6666666666667,33.3333333333333,NA,8.3,-1.6,1.3,-0.3,3.6,2.9,0,36,86.2,46.6,49.5,71.4,24.1,0.3,0.75,4.2,11,1.1,5.9,3.7,2.6,0.9,3.1,1,0,1,0,0,0
10,"OFUREUJADUGHELE","https://a.espncdn.com/i/headshots/mens-college-basketball/players/full/4432132.png","Ofure","Ujadughele","UC Irvine","Sr","G","6-4",215,9,0,13.6,14,14.4,28.9473684210526,NA,NA,71.0526315789474,NA,16.1,-5.5,5.5,0,3.3,2.8,55,33.3,13,54.3,56,62.5,34.8,2,2,23.4,25.1,10.2,16.8,13.8,4.7,0,8.5,1,0,1,0,0,0
22,"CARTERWELLING","https://a.espncdn.com/i/headshots/mens-college-basketball/players/full/5176397.png","Carter","Welling","UC Irvine","Fr","C","6-10",225,5,5,16,16,14.6,NA,NA,NA,NA,100,16.7,0.5,2.8,3.3,5,4.6,53.3,0,6.3,50,57.6,75,75,0.6,1.5,6,8.4,12.5,12.2,12.3,0.7,6.2,6.2,1,0,0,1,1,0
21,"LANGSTONREDFIELD","https://a.espncdn.com/i/headshots/mens-college-basketball/players/full/4897677.png","Langston","Redfield","UC Irvine","So","G","6-4",185,9,0,18.1,9.3,9.7,NA,83.3333333333333,16.6666666666667,NA,NA,3.8,-3.7,0.9,-2.8,2.3,0.9,30,35.7,58.3,43.8,43.8,NA,0,1.1,1.22,9,25,3.1,9.9,6.7,0.3,1.2,2.5,1,1,0,0,0,0
43,"AKIVAMCBIRNEYGRIFFIN","https://a.espncdn.com/i/headshots/mens-college-basketball/players/full/4897678.png","Akiva","McBirney-Griffin","UC Irvine",NA,"F",NA,NA,1,0,4,NA,12.3,NA,NA,NA,NA,NA,19,2.6,2.8,5.4,2,NA,100,NA,0,100,100,NA,0,0,NA,0,0,0,0,0,0,0,NA,1,NA,1,NA,0,0
33,"ELICHOL","https://a.espncdn.com/i/headshots/mens-college-basketball/players/full/5107163.png","Eli","Chol","UC Irvine",NA,"C",NA,NA,0,NA,0,NA,NA,NA,NA,NA,NA,NA,NA,NA,NA,NA,NA,NA,NA,NA,NA,NA,NA,NA,NA,NA,NA,NA,NA,NA,NA,NA,NA,NA,NA,1,NA,NA,1,0,0
24,"JURIANDIXON","https://a.espncdn.com/i/headshots/mens-college-basketball/players/full/4711267.png","Jurian","Dixon","UC Irvine",NA,"G",NA,NA,0,NA,0,NA,NA,NA,NA,NA,NA,NA,NA,NA,NA,NA,NA,NA,NA,NA,NA,NA,NA,NA,NA,NA,NA,NA,NA,NA,NA,NA,NA,NA,NA,1,1,NA,NA,0,0
5,"BENEGBO","https://a.espncdn.com/i/headshots/mens-college-basketball/players/full/5176396.png","Ben","Egbo","UC Irvine",NA,"G",NA,NA,0,NA,0,NA,NA,NA,NA,NA,NA,NA,NA,NA,NA,NA,NA,NA,NA,NA,NA,NA,NA,NA,NA,NA,NA,NA,NA,NA,NA,NA,NA,NA,NA,1,1,NA,NA,0,0
24,"KEVINCROSS","https://a.espncdn.com/i/headshots/mens-college-basketball/players/full/4592703.png","Kevin","Cross","Tulane","Sr","F","6-8",229,6,6,33,24.6,23.8,NA,NA,NA,9.67741935483871,90.3225806451613,27.9,7,1.1,8.2,19.5,6.1,65.3,54.5,18.3,68.3,72.3,79.5,73.3,3.7,1.48,20.7,15.6,2.8,21.8,13.7,1.9,3.3,2,1,0,0,1,0,0
1,"SIONJAMES","https://a.espncdn.com/i/headshots/mens-college-basketball/players/full/4602025.png","Sion","James","Tulane","Jr","G","6-6",220,7,7,37.1,14.9,15.2,NA,NA,27.4725274725275,59.3406593406593,13.1868131868132,19.5,4.5,0.8,5.3,15,4.2,69,52.2,44.2,73.1,75.5,78.4,71.2,2.1,1.31,9.5,13.7,1.1,13.9,8.4,2.6,1.7,2.5,1,0,1,0,1,0
12,"KOLBYKING","https://a.espncdn.com/i/headshots/mens-college-basketball/players/full/5105604.png","Kolby","King","Tulane","So","G","6-2",175,7,7,31.9,19.2,19.2,43.75,56.25,NA,NA,NA,21.5,3.8,1.4,5.2,14.7,4.5,66.7,34.8,37.1,61.3,65.9,79.4,54.8,2,1.54,10.9,10.3,3.1,11.1,7.7,4,0.5,2.5,1,1,0,0,1,0
5,"COLLINHOLLOWAY","https://a.espncdn.com/i/headshots/mens-college-basketball/players/full/4701559.png","Collin","Holloway","Tulane","Jr","F","6-6",218,7,7,25.6,23,23.7,NA,NA,71.1864406779661,28.8135593220339,NA,22,2.2,-0.9,1.2,14.3,5.4,68,10,16.7,59.2,65.7,85.3,56.7,0.9,0.64,6.3,11.6,6.2,7.5,6.9,2.3,2.4,4.7,1,0,1,0,1,0
25,"JAYLENFORBES","https://a.espncdn.com/i/headshots/mens-college-basketball/players/full/4431722.png","Jaylen","Forbes","Tulane","Sr","G","6-5",192,6,6,30.5,21.7,22.5,NA,59.2105263157895,40.7894736842105,NA,NA,10.9,-0.9,-1.4,-2.3,11.7,4.4,41.7,25.7,59.3,39.8,48.7,85.2,45.8,2.2,1.1,11.4,14.3,2.3,7.9,5.5,2.3,0.6,3.3,1,0,1,0,1,0
13,"TREWILLIAMS","https://a.espncdn.com/i/headshots/mens-college-basketball/players/full/4432873.png","Tre'","Williams","Tulane","Sr","G","6-6",196,6,2,25.5,18.1,18.2,100,NA,NA,NA,NA,13.4,-0.6,-0.2,-0.7,9,3.7,63,23.1,32.5,53.8,55.6,61.1,45,2,1.54,13.1,14.1,0,10.8,6.2,2.7,0,2.6,1,1,0,0,1,0
2,"GREGGGLENN","https://a.espncdn.com/i/headshots/mens-college-basketball/players/full/5105807.png","Gregg","Glenn","Tulane","So","F","6-7",230,7,0,12.6,21.2,20.8,NA,NA,NA,59.375,40.625,20.1,-0.7,2.4,1.7,5.4,3.9,76.2,0,8.7,69.6,67.3,54.5,47.8,0.7,0.54,10.4,24.2,9.5,17.5,14.1,4.2,4.9,7.6,1,0,0,1,0,0
23,"PERCYDANIELS","https://a.espncdn.com/i/headshots/mens-college-basketball/players/full/4684988.png","Percy","Daniels","Tulane","So","C","6-9",223,7,0,6.1,12.8,13.5,NA,NA,NA,NA,100,20.5,2.1,2,4.1,2.3,4,85.7,0,12.5,75,73.7,66.7,75,0,0,0,8.4,6.4,14.4,11,1.2,12.5,5.5,1,0,0,1,0,0
3,"MIERPANOAM","https://a.espncdn.com/combiner/i?img=/i/headshots/nophoto.png","Mier","Panoam","Tulane","Fr","G","6-2",195,4,0,5.5,16.8,17.7,NA,100,NA,NA,NA,10.8,-2.8,-1.1,-3.8,2,5.1,66.7,0,25,50,67.8,100,100,0,0,0,25.3,0,4.7,2.7,2.4,0,1.8,1,1,0,0,0,0
0,"LOGANSTEPHENS","https://a.espncdn.com/i/headshots/mens-college-basketball/players/full/4897439.png","Logan","Stephens","Tulane",NA,"G",NA,NA,3,0,1.7,NA,14.5,NA,NA,NA,NA,NA,38.2,4.3,13.5,17.8,1,NA,100,NA,0,100,101.7,100,100,0,NA,0,0,0,20.6,11.8,10.5,0,NA,1,1,NA,NA,0,0
11,"JORDANWOOD","https://a.espncdn.com/i/headshots/mens-college-basketball/players/full/4704048.png","Jordan","Wood","Tulane","Sr","F","6-9",205,4,0,7.8,15.7,15.9,NA,NA,NA,NA,NA,0.9,-6.6,-1.3,-8,0.8,1,0,14.3,87.5,18.8,18.8,NA,0,0.3,0.6,4.6,20,4.5,13.3,9.5,5.1,0,2.6,1,NA,1,NA,0,0
22,"ASHERWOODS","https://a.espncdn.com/i/headshots/mens-college-basketball/players/full/5107350.png","Asher","Woods","Tulane","So","G","6-3",180,3,0,4,32.2,32.4,NA,NA,NA,NA,NA,-8.6,-15.7,-10.5,-26.2,0.7,8.7,0,0,50,0,12.7,50,66.7,0.3,Inf,11.4,0,11.6,8.6,9.8,0,0,3.3,1,1,NA,NA,0,0
14,"MAXBOWMAN","https://a.espncdn.com/i/headshots/mens-college-basketball/players/full/4897143.png","Max","Bowman","Tulane",NA,"G",NA,NA,3,0,0.7,NA,24.6,NA,NA,NA,NA,NA,-19.4,-14,-9.2,-23.2,0,NA,0,NA,0,0,0,NA,0,0,NA,0,0,0,0,0,0,0,NA,1,1,NA,NA,0,0
4,"SPENCERELLIOTT","https://a.espncdn.com/combiner/i?img=/i/headshots/nophoto.png","Spencer","Elliott","Tulane",NA,"F",NA,NA,0,NA,0,NA,NA,NA,NA,NA,NA,NA,NA,NA,NA,NA,NA,NA,NA,NA,NA,NA,NA,NA,NA,NA,NA,NA,NA,NA,NA,NA,NA,NA,NA,1,NA,1,NA,0,0
34,"JAKESHAPIRO","https://a.espncdn.com/i/headshots/mens-college-basketball/players/full/5106640.png","Jake","Shapiro","Tulane",NA,"G",NA,NA,0,NA,0,NA,NA,NA,NA,NA,NA,NA,NA,NA,NA,NA,NA,NA,NA,NA,NA,NA,NA,NA,NA,NA,NA,NA,NA,NA,NA,NA,NA,NA,NA,1,1,NA,NA,0,0
2,"ROBPERRY","https://a.espncdn.com/i/headshots/mens-college-basketball/players/full/4592297.png","Rob","Perry","Murray State","Sr","G","6-4",200,7,7,32.6,26.2,27,7.2289156626506,28.9156626506024,63.855421686747,NA,NA,16.3,2.3,-2.4,-0.1,16,3.2,54.2,29.3,41,50,51.1,60,20,2,1.25,12.7,9.1,2,16.9,9.4,1,0.9,3,1,0,1,0,1,0
24,"JACOBIWOOD","https://a.espncdn.com/i/headshots/mens-college-basketball/players/full/4703220.png","JaCobi","Wood","Murray State","Jr","G","6-2",190,7,7,35.6,19.6,18.4,100,NA,NA,NA,NA,19.7,4.6,-0.5,4.1,14.7,3.2,59.3,47.2,57.1,65.9,69.2,83.3,38.1,4,1.9,20.6,16.8,0.5,13.6,7,2.1,0.4,2.7,1,1,0,0,1,0
14,"BRIANMOORE","https://a.espncdn.com/i/headshots/mens-college-basketball/players/full/5107895.png","Brian","Moore","Murray State","Jr","G","6-1",185,7,7,30,22.9,22.5,NA,100,NA,NA,NA,17,1.3,-3,-1.7,13,4.7,53.4,33.3,9.4,53.1,58.9,82.1,43.8,3.3,1.57,21.1,16.3,1.1,8.3,4.7,1.4,0,2.4,1,1,0,0,1,0
11,"NICKELLINGTON","https://a.espncdn.com/i/headshots/mens-college-basketball/players/full/5107894.png","Nick","Ellington","Murray State","So","F","6-6",210,7,7,28.6,16.6,19.5,NA,NA,NA,100,NA,22.8,2,-0.6,1.3,11.1,1.7,60,NA,0,60,60.7,60,60,0.7,0.41,4.7,15.7,13.2,21.6,17.3,2.1,6,2.5,1,0,1,0,0,0
10,"QUINCYANDERSON","https://a.espncdn.com/i/headshots/mens-college-basketball/players/full/5107893.png","Quincy","Anderson","Murray State","Sr","G","6-4",205,7,0,17.3,21.9,23.7,NA,NA,75,25,NA,20.3,4.2,-1.5,2.8,8.4,4.4,50,39.1,53.5,54.7,56.7,63.2,44.2,0.9,1.5,9.5,7.1,5.7,12.5,9.1,1.9,1.7,3.8,1,0,1,0,0,0
25,"SHAWNWALKER","https://a.espncdn.com/i/headshots/mens-college-basketball/players/full/4897379.png","Shawn","Walker","Murray State","Sr","G","6-6",190,7,7,30.3,12.2,12.4,NA,NA,19.7183098591549,80.2816901408451,NA,5.2,-3.7,-3.3,-7,5.4,2.2,41.2,23.1,60.5,37.2,39.4,54.5,25.6,1.4,3.5,7.7,5.9,4.9,3.9,4.4,0.6,0.5,3.7,1,0,1,0,1,0
11,"JUSTINMORGAN","https://a.espncdn.com/i/headshots/mens-college-basketball/players/full/5107894.png","Justin","Morgan","Murray State","So","G","6-6",210,7,0,14.3,16.6,18.4,NA,NA,NA,100,NA,15.1,1.1,-2.9,-1.7,4.9,1.7,64.3,27.8,56.3,51.6,50.1,25,12.5,0.4,1.33,5.6,5.6,10.3,12.8,11.6,1.2,1,2.5,1,0,1,0,0,0
44,"MALEKABDELGOWAD","https://a.espncdn.com/combiner/i?img=/i/headshots/nophoto.png","Malek","Abdelgowad","Murray State","Jr","F","6-10",220,6,0,9.5,19.5,15.5,NA,NA,NA,NA,100,15.5,1,-2.1,-1.1,2.8,5.6,33.3,NA,0,33.3,52.2,100,75,0.3,1.5,5.8,5.8,12,26.6,19.3,0,1.8,7.1,1,0,0,1,0,0
22,"SAMMURRAY","https://a.espncdn.com/i/headshots/mens-college-basketball/players/full/5107896.png","Sam","Murray II","Murray State","So","F","6-9",200,4,0,7.5,17.7,16.1,NA,NA,NA,NA,100,3.8,-3.7,-3.9,-7.6,1.8,4.2,60,NA,0,60,54.5,33.3,60,0,0,0,31.8,3.8,23.4,13.5,0,0,3.6,1,0,0,1,0,0
34,"FLETCHERBOATRIGHT","https://a.espncdn.com/combiner/i?img=/i/headshots/nophoto.png","Fletcher","Boatright","Murray State",NA,"G",NA,NA,1,0,3,NA,51.1,NA,NA,NA,NA,NA,5.6,NA,NA,NA,0,NA,0,0,33.3,0,0,NA,0,0,NA,0,0,76.3,0,38.5,19.6,0,NA,1,1,NA,NA,0,0
4,"PATRICKCHEW","https://a.espncdn.com/i/headshots/mens-college-basketball/players/full/5107892.png","Patrick","Chew","Murray State",NA,"G",NA,NA,2,0,5.5,NA,13.9,NA,NA,NA,NA,NA,-6.3,-10.3,15.4,5.2,0,NA,NA,0,100,0,0,NA,0,0,0,0,33.3,0,21.2,10.5,5.4,0,NA,1,1,NA,NA,0,0
33,"LAWRENTRICE","https://a.espncdn.com/combiner/i?img=/i/headshots/nophoto.png","Lawrent","Rice","Murray State",NA,"G",NA,NA,1,0,6,NA,8.5,NA,NA,NA,NA,NA,8.3,NA,NA,NA,0,NA,0,NA,0,0,0,NA,0,2,Inf,49.2,0,0,19.5,9.6,0,0,NA,1,1,NA,NA,0,0
13,"ALDENAPPLEWHITE","https://a.espncdn.com/i/headshots/mens-college-basketball/players/full/4898382.png","Alden","Applewhite","Murray State",NA,"F",NA,NA,0,NA,0,NA,NA,NA,NA,NA,NA,NA,NA,NA,NA,NA,NA,NA,NA,NA,NA,NA,NA,NA,NA,NA,NA,NA,NA,NA,NA,NA,NA,NA,NA,1,NA,1,NA,0,0
0,"JOHNMCCREAR","https://a.espncdn.com/combiner/i?img=/i/headshots/nophoto.png","John","McCrear","Murray State",NA,"F",NA,NA,0,NA,0,NA,NA,NA,NA,NA,NA,NA,NA,NA,NA,NA,NA,NA,NA,NA,NA,NA,NA,NA,NA,NA,NA,NA,NA,NA,NA,NA,NA,NA,NA,1,NA,1,NA,0,0
2,"JASONEDWARDS","https://a.espncdn.com/i/headshots/mens-college-basketball/players/full/5175064.png","Jason","Edwards","North Texas","So","G","6-0",170,8,0,24.9,30.4,32.3,26.3888888888889,73.6111111111111,NA,NA,NA,19.1,4.2,0.8,4.9,14.4,6,52.8,30.4,56.1,48.8,57.2,89.7,47.6,1.1,0.48,10.6,15.2,0,7.3,3.8,1.9,0.6,0.9,1,1,0,0,0,0
1,"AARONSCOTT","https://a.espncdn.com/i/headshots/mens-college-basketball/players/full/4897517.png","Aaron","Scott","North Texas","Jr","G","6-7",200,8,8,31.4,22.4,23.8,NA,NA,NA,100,NA,19.6,1.6,2.3,3.8,13.6,2.9,44.3,48,29.1,52.3,56.8,90.5,24.4,1.1,0.61,8.2,12.7,7.7,12.6,10.2,2.3,3.4,3.8,1,0,1,0,1,0
15,"RUBINJONES","https://a.espncdn.com/i/headshots/mens-college-basketball/players/full/4432430.png","Rubin","Jones","North Texas","Sr","G","6-5",190,8,8,31.4,23.8,23.7,100,NA,NA,NA,NA,17.5,1.7,3.7,5.4,11.8,2.9,41.1,40,34.9,47.7,50.2,75,18.6,4.3,2.15,30,14.6,3.1,8.7,6,4.1,0,3.1,1,1,0,0,1,0
22,"CJNOLAND","https://a.espncdn.com/i/headshots/mens-college-basketball/players/full/4694228.png","C.J.","Noland","North Texas","Jr","G","6-4",215,8,8,23.4,22.4,23,NA,NA,76.9230769230769,23.0769230769231,NA,14.1,-2.3,2,-0.3,8.6,3.4,42.4,39.1,41.1,49.1,52.7,70,35.7,1.6,0.89,14.9,17.6,2.1,10.4,6.3,3.4,1.3,3.9,1,0,1,0,1,0
0,"JOHNBUGGS","https://a.espncdn.com/i/headshots/mens-college-basketball/players/full/4592451.png","John","Buggs","North Texas","Jr","G","6-2",185,8,8,29.8,9.5,11,NA,54.2857142857143,45.7142857142857,NA,NA,8.8,-0.9,0.8,-0.1,6.4,1.2,62.5,35.3,81,54.8,57.5,100,11.9,0.6,1.2,4,8.3,2.7,8.7,5.8,0.8,0,2.6,1,0,1,0,1,0
10,"ROBERTALLEN","https://a.espncdn.com/i/headshots/mens-college-basketball/players/full/4398245.png","Robert","Allen","North Texas","Sr","F","6-9",225,8,0,21.1,17.1,14.9,NA,NA,NA,NA,100,20.2,0.5,3.4,3.9,5,4,52.2,NA,0,52.2,58.1,66.7,104.3,1.1,0.73,10.2,25.9,15.2,33,24.4,3,5,4.1,1,0,0,1,0,0
14,"MOULAYESISSOKO","https://a.espncdn.com/i/headshots/mens-college-basketball/players/full/4431824.png","Moulaye","Sissoko","North Texas","Jr","C","6-9",250,8,8,17,15.1,14.3,NA,NA,NA,NA,100,15.5,-1.8,-1.4,-3.2,4.4,1.4,64,NA,0,64,62.8,50,24,0.3,0.3,3.1,22.3,19.8,22.3,21.1,0,0,5.5,1,0,0,1,1,0
23,"MATTHEWSTONE","https://a.espncdn.com/i/headshots/mens-college-basketball/players/full/4897523.png","Matthew","Stone","North Texas","Jr","G","6-4",200,8,0,16.1,8.9,9.4,NA,16.6666666666667,64.2857142857143,19.047619047619,NA,15.3,2.6,3.8,6.3,3.8,1,66.7,50,57.1,71.4,69.8,0,4.8,0.6,6,7.8,4.4,5,11.3,8.2,2.5,0,2.9,1,0,1,0,0,0
4,"ALEXCOTTON","https://a.espncdn.com/i/headshots/mens-college-basketball/players/full/5175065.png","Alex","Cotton","North Texas","Fr","G","6-5",195,4,0,5.3,15.4,23.1,NA,NA,NA,NA,NA,11.1,-4.4,-3.3,-7.7,1.8,1.1,50,25,66.7,41.7,50.4,100,33.3,0,0,0,22.3,6.1,11.5,8.9,3,5.8,6.7,1,1,NA,NA,0,0
3,"CHRISTIANMOORE","https://a.espncdn.com/i/headshots/mens-college-basketball/players/full/5106886.png","Christian","Moore","North Texas","So","G","5-11",170,3,0,5,29.3,28.6,NA,NA,NA,NA,NA,14.8,-13.5,2.8,-10.7,2.3,1.6,100,0,33.3,66.7,71.4,75,133.3,0,0,0,38,0,24.3,12.5,4.2,0,0,1,1,NA,NA,0,0
21,"CHRISDONMORGAN","https://a.espncdn.com/i/headshots/mens-college-basketball/players/full/4897522.png","Chrisdon","Morgan","North Texas",NA,"F",NA,NA,2,0,6,NA,18.1,NA,NA,NA,NA,NA,3.6,-18.9,9.3,-9.6,1,NA,33.3,NA,0,33.3,33.3,NA,0,0,0,0,25,10.7,10.1,10.4,5.3,0,NA,1,NA,1,NA,0,0
20,"GRAYSONALLO","https://a.espncdn.com/i/headshots/mens-college-basketball/players/full/5106884.png","Grayson","Allo","North Texas",NA,"G",NA,NA,3,0,2.7,NA,6.8,NA,NA,NA,NA,NA,4.6,-16,-0.5,-16.5,0,NA,NA,0,100,0,0,NA,0,0.7,Inf,42.3,0,0,30.3,15.6,0,0,NA,1,1,NA,NA,0,0
13,"TERRANCEDIXON","https://a.espncdn.com/i/headshots/mens-college-basketball/players/full/5175066.png","Terrance","Dixon Jr.","North Texas",NA,"F",NA,NA,3,0,3,NA,5.7,NA,NA,NA,NA,NA,-11.2,-13.1,1,-12.1,0,NA,NA,NA,NA,NA,0,0,NA,0,NA,0,0,0,0,0,0,0,NA,1,NA,1,NA,0,0
5,"RONDELWALKER","https://a.espncdn.com/i/headshots/mens-college-basketball/players/full/4433163.png","Rondel","Walker","North Texas",NA,"G",NA,NA,0,NA,0,NA,NA,NA,NA,NA,NA,NA,NA,NA,NA,NA,NA,NA,NA,NA,NA,NA,NA,NA,NA,NA,NA,NA,NA,NA,NA,NA,NA,NA,NA,1,1,NA,NA,0,0
